{"cameraMode":{"drawMode":0,"name":"Shaded","section":"Shading Mode"},"sceneLighting":true,"audioPlay":false,"sceneViewState":{"m_AlwaysRefresh":false,"showFog":true,"showSkybox":true,"showFlares":true,"showImageEffects":true,"showParticleSystems":true,"showVisualEffectGraphs":true,"m_FxEnabled":true},"in2DMode":false,"pivot":{"x":218.58151245117188,"y":188.42864990234376,"z":518.7984619140625},"rotation":{"x":-0.053923554718494418,"y":0.9317459464073181,"z":-0.15514858067035676,"w":-0.3238382339477539},"size":161.48861694335938,"orthographic":false}